,X.1,X,consent,browser,nonvolsign,volsign,cheatperc1,dienumb,rt,moraldis1,moraldis2,moraldis3,moraldis4,moraldis5,moraldis6,AC,cheatperc2,gender,age,income,clicked,Condition,Finished,bonus,bonus2,moraldis
1,1,3,"I agree, continue to survey",Safari,,,1,3,10.614,1,3,-3,3,2,1,1,10,Male,53,"€50,000 to €59,999",1,question,TRUE,0.1,"612cf4d3ab40d25c179064f2,0.10",1.166666667
2,2,6,"I agree, continue to survey",Firefox,,,NA,6,2.513,0,1,-2,-2,2,1,1,4,Male,23,I prefer not to disclose my income.,1,control,TRUE,0.25,"5ef39265e283b811ad2dd702,0.25",0
3,3,7,"I agree, continue to survey",Chrome,I certify that the information I will provide is honest and valid,,NA,5,20.462,-2,-2,-3,-2,-1,-3,1,10,Male,39,"€30,000 to €39,999",1,nonvoluntary,TRUE,0.2,"5c2196b710140800013fe153,0.20",-2.166666667
4,4,8,"I agree, continue to survey",Chrome,,,10,1,9.219,-3,-1,-3,-3,-2,-3,1,9,Male,23,I prefer not to disclose my income.,0,question,TRUE,0,"611b020d78b52c0a40be8780,0",-2.5
5,5,9,"I agree, continue to survey",Opera,,,8,5,6.601,-1,1,-2,-3,2,-2,1,8,Male,26,"€50,000 to €59,999",0,question,TRUE,0.2,"5e6b5c8366cb01000b595e13,0.20",-0.833333333
6,6,10,"I agree, continue to survey",Chrome,,I certify that the information I will provide is honest and valid,NA,5,11.078,-3,-2,-3,-3,-2,-2,1,9,Female,24,"€30,000 to €39,999",1,voluntary,TRUE,0.2,"612ba4de7e2b127155f4bb03,0.20",-2.5
7,7,11,"I agree, continue to survey",Safari,I certify that the information I will provide is honest and valid,,NA,1,3.23,-2,3,-2,-1,1,2,1,7,Female,18,"€40,000 to €49,999",1,nonvoluntary,TRUE,0,"60ffaed6d400723889e28c45,0",0.166666667
8,8,12,"I agree, continue to survey",Chrome,,,5,1,3.308,-2,1,-1,-2,-3,-1,1,5,Female,33,"€10,000 to €19,999",1,question,TRUE,0,"5eda9dd57e07d06cbef111d9,0",-1.333333333
9,9,13,"I agree, continue to survey",Edge,,,NA,5,15.049,-2,3,-1,-1,2,-1,1,5,Female,21,I prefer not to disclose my income.,1,control,TRUE,0.2,"612a5f82de60b1006f031f8e,0.20",0
10,10,16,"I agree, continue to survey",Chrome,,I certify that the information I will provide is honest and valid,NA,2,27.446,-3,-2,-3,-3,-2,-1,1,10,Male,26,"Less than €10,000",1,voluntary,TRUE,0.05,"611e53d0d2e7525b1cd1fe7d,0.05",-2.333333333
11,11,17,"I agree, continue to survey",Edge,,I certify that the information I will provide is honest and valid,NA,6,13.582,-2,1,-3,-3,1,-3,1,9,Male,23,"€20,000 to €29,999",1,voluntary,TRUE,0.25,"5cd6c98aefab0c0001d088e2,0.25",-1.5
12,12,18,"I agree, continue to survey",Chrome,,,NA,5,6.392,2,2,-3,2,-3,-1,1,10,Male,18,"Less than €10,000",1,control,TRUE,0.2,"612a69ba6d46cd731ce4e73c,0.20",-0.166666667
13,13,19,"I agree, continue to survey",Safari,I certify that the information I will provide is honest and valid,,NA,2,2.641,-3,-2,-3,-3,-3,-3,1,8,Female,24,"€10,000 to €19,999",1,nonvoluntary,TRUE,0.05,"5d8252ba7d2c7400173d2674,0.05",-2.833333333
14,14,20,"I agree, continue to survey",Chrome,,,NA,3,4.197,0,0,-2,-1,1,-1,1,7,Male,18,"€60,000 to €69,999",1,control,TRUE,0.1,"612d014f29e9e41db15a729a,0.10",-0.5
15,15,21,"I agree, continue to survey",Chrome,,,9,5,4.01,1,3,-2,-2,2,2,1,9,Female,35,"€30,000 to €39,999",1,question,TRUE,0.2,"612d0682df108b8d6490ed1b,0.20",0.666666667
16,16,22,"I agree, continue to survey",Chrome,I certify that the information I will provide is honest and valid,,NA,3,7.934,0,1,-2,-2,2,2,1,8,Male,27,"€50,000 to €59,999",1,nonvoluntary,TRUE,0.1,"5f2db49bdc868c0dacf98ab8,0.10",0.166666667
17,17,23,"I agree, continue to survey",Chrome,,,NA,4,5.249,0,1,-2,-2,1,-1,1,7,Male,26,"€30,000 to €39,999",1,control,TRUE,0.15,"5e81c9e74fa0db017781a051,0.15",-0.5
18,18,24,"I agree, continue to survey",Chrome,I certify that the information I will provide is honest and valid,,NA,5,3.176,0,3,-3,0,3,-3,1,7,Male,33,"Less than €10,000",1,nonvoluntary,TRUE,0.2,"5cf62cccc39158001940031f,0.20",0
19,19,25,"I agree, continue to survey",Chrome,,I certify that the information I will provide is honest and valid,NA,1,6.58,-3,0,-3,-3,-2,-2,1,10,Male,25,"Less than €10,000",1,voluntary,TRUE,0,"5bc74bf6545fac0001c3bea7,0",-2.166666667
20,20,27,"I agree, continue to survey",Chrome,,I certify that the information I will provide is honest and valid,NA,1,4.307,-2,1,-2,-2,1,-1,1,9,Male,36,"€10,000 to €19,999",1,voluntary,TRUE,0,"61274de966ac755a6a9c306f,0",-0.833333333
21,21,28,"I agree, continue to survey",Chrome,,I certify that the information I will provide is honest and valid,NA,3,4.565,-2,1,-2,-2,-2,0,1,4,Female,19,"€10,000 to €19,999",1,voluntary,TRUE,0.1,"612c134d80e868bff77e51d8,0.10",-1.166666667
22,22,29,"I agree, continue to survey",Chrome,,,NA,3,3.353,-3,-3,-3,-3,-3,-3,1,10,Female,21,"Less than €10,000",1,control,TRUE,0.1,"611cea1f2ddfa44a43b61a0c,0.10",-3
23,23,30,"I agree, continue to survey",Opera,,I certify that the information I will provide is honest and valid,NA,3,3.156,-3,1,-3,-3,2,-3,1,7,Male,22,"€20,000 to €29,999",1,voluntary,TRUE,0.1,"6117f42cfa3aa4a4e7e8efba,0.10",-1.5
24,24,31,"I agree, continue to survey",Chrome,,,NA,4,18.681,-3,1,-3,-3,-3,-1,1,10,Female,23,"Less than €10,000",1,control,TRUE,0.15,"612a59407f648d803a98b5c1,0.15",-2
25,25,32,"I agree, continue to survey",Chrome,I certify that the information I will provide is honest and valid,,NA,3,1.617,1,2,-2,-3,1,-3,1,10,Male,20,"€70,000 to €79,999",1,nonvoluntary,TRUE,0.1,"612cfeb7088eeb14c76bfb23,0.10",-0.666666667
26,26,33,"I agree, continue to survey",Chrome,,,9,5,4.868,-3,2,-3,-2,-1,-2,1,9,Female,27,I prefer not to disclose my income.,1,question,TRUE,0.2,"61254ab0e1b7c14956a4dc77,0.20",-1.5
27,27,34,"I agree, continue to survey",Chrome,I certify that the information I will provide is honest and valid,,NA,4,16.408,-2,2,-3,-2,-2,-3,1,8,Male,24,"€10,000 to €19,999",1,nonvoluntary,TRUE,0.15,"60f48efecd0938da7c2f5dbc,0.15",-1.666666667
28,28,35,"I agree, continue to survey",Chrome,I certify that the information I will provide is honest and valid,,NA,6,4.225,1,1,-2,-1,3,1,1,7,Male,25,"€50,000 to €59,999",1,nonvoluntary,TRUE,0.25,"610427216e2adcad6123fc53,0.25",0.5
29,29,36,"I agree, continue to survey",Chrome,,,10,2,6.367,0,0,-1,-1,0,1,1,9,Female,24,I prefer not to disclose my income.,1,question,TRUE,0.05,"5f2f1a662d7fa52ee59ec87d,0.05",-0.166666667
30,30,38,"I agree, continue to survey",Chrome,,,8,5,4.178,0,-1,-2,-2,-1,-1,1,9,Male,28,"€100,000 to €149,999",1,question,TRUE,0.2,"612d03ee769147cf34390c0a,0.20",-1.166666667
31,31,39,"I agree, continue to survey",Chrome,,,10,1,30.081,-3,-3,-3,-3,-3,-3,1,10,Male,21,"Less than €10,000",0,question,TRUE,0,"61191d4aebdec9c0834832f6,0",-3
32,32,40,"I agree, continue to survey",Chrome,,,9,2,4.055,-2,2,-2,-2,-1,-3,1,9,Female,31,"€70,000 to €79,999",1,question,TRUE,0.05,"612ce4b831e8cd36c607b59a,0.05",-1.333333333
33,33,42,"I agree, continue to survey",Chrome,,I certify that the information I will provide is honest and valid,NA,1,2.861,-2,-1,-3,-3,-1,-3,1,9,Female,26,"Less than €10,000",1,voluntary,TRUE,0,"6106f02fa19bbf8c0e9daf8f,0",-2.166666667
34,34,43,"I agree, continue to survey",Chrome,,I certify that the information I will provide is honest and valid,NA,2,2.691,-3,0,-3,1,-2,-2,1,8,Male,31,"€20,000 to €29,999",1,voluntary,TRUE,0.05,"58725712327dab000199e1a1,0.05",-1.5
35,35,44,"I agree, continue to survey",Chrome,,,5,4,13.958,-1,2,-1,0,0,-3,1,5,Female,20,"Less than €10,000",1,question,TRUE,0.15,"60ef25f53e73bd5029fba635,0.15",-0.5
36,36,45,"I agree, continue to survey",Chrome,I certify that the information I will provide is honest and valid,,NA,3,5.587,-1,2,-2,-2,1,-1,1,8,Male,24,"€10,000 to €19,999",0,nonvoluntary,TRUE,0.1,"5d65e493c9ec690019760664,0.10",-0.5
37,37,47,"I agree, continue to survey",Chrome,,,NA,2,6.707,-3,-2,-3,-3,-2,-2,1,9,Female,18,"€10,000 to €19,999",0,control,TRUE,0.05,"61258b0f5a6eed6295d4f067,0.05",-2.5
38,38,48,"I agree, continue to survey",Firefox,,,NA,5,5.056,-3,0,-3,3,-1,-2,1,10,Male,26,"Less than €10,000",1,control,TRUE,0.2,"612a19be9387b016c38eab49,0.20",-1
39,39,49,"I agree, continue to survey",Chrome,,,NA,2,4.364,-2,-1,-3,-3,2,-1,1,10,Female,29,"€70,000 to €79,999",1,control,TRUE,0.05,"612d0b33fa2402c473619df7,0.05",-1.333333333
40,40,50,"I agree, continue to survey",Chrome,,,8,1,3.739,-2,2,-2,-2,-2,-2,1,8,Female,20,"Less than €10,000",1,question,TRUE,0,"612194926ffccd8fc98545a8,0",-1.333333333
41,41,51,"I agree, continue to survey",Chrome,I certify that the information I will provide is honest and valid,,NA,1,7.118,-1,0,-1,0,0,1,1,8,Female,32,"Less than €10,000",1,nonvoluntary,TRUE,0,"612aa815e38e663a2aad2b2f,0",-0.166666667
42,42,52,"I agree, continue to survey",Chrome,,I certify that the information I will provide is honest and valid,NA,6,4.581,1,1,-3,-3,0,-1,1,6,Male,20,"€30,000 to €39,999",1,voluntary,TRUE,0.25,"6123eb1cbab470f67e0773e3,0.25",-0.833333333
43,43,53,"I agree, continue to survey",Chrome,,,9,5,22.888,2,3,-3,-3,1,2,1,10,Male,22,"Less than €10,000",1,question,TRUE,0.2,"612c4636885d5afe0a5f9f53,0.20",0.333333333
44,44,54,"I agree, continue to survey",Chrome,,I certify that the information I will provide is honest and valid,NA,1,7.878,-3,-1,-3,-3,0,-2,1,10,Female,24,"Less than €10,000",1,voluntary,TRUE,0,"612b47fce0d4f1a36ff8a758,0",-2
45,45,55,"I agree, continue to survey",Chrome,,I certify that the information I will provide is honest and valid,NA,1,4.942,-1,1,-3,-2,2,0,1,10,Female,25,I prefer not to disclose my income.,1,voluntary,TRUE,0,"612914d42ae851b6a3df6999,0",-0.5
46,46,56,"I agree, continue to survey",Chrome,I certify that the information I will provide is honest and valid,,NA,5,6.592,1,2,-2,-2,1,0,1,8,Female,20,"Less than €10,000",1,nonvoluntary,TRUE,0.2,"612ba6c594a6d54154a88ae7,0.20",0
47,47,57,"I agree, continue to survey",Chrome,,,10,4,4.669,-3,1,-3,-3,0,-3,1,10,Female,30,"€20,000 to €29,999",0,question,TRUE,0.15,"611e90806f7fc1bb0bfa9b7c,0.15",-1.833333333
48,48,58,"I agree, continue to survey",Chrome,I certify that the information I will provide is honest and valid,,NA,3,6.994,1,3,0,1,-1,1,1,7,Male,24,"€20,000 to €29,999",1,nonvoluntary,TRUE,0.1,"5d13739ce001640015f40d7f,0.10",0.833333333
49,49,59,"I agree, continue to survey",Chrome,,,NA,1,5.758,-1,0,-3,-3,0,0,1,10,Female,19,I prefer not to disclose my income.,1,control,TRUE,0,"6129a39dabee84cebbd924e8,0",-1.166666667
50,50,60,"I agree, continue to survey",Chrome,I certify that the information I will provide is honest and valid,,NA,2,11.788,-3,2,0,-2,2,2,1,5,Male,23,"€50,000 to €59,999",1,nonvoluntary,TRUE,0.05,"6109916bb04d855d5852326b,0.05",0.166666667
51,51,61,"I agree, continue to survey",Chrome,,I certify that the information I will provide is honest and valid,NA,5,2.428,1,2,-3,-3,3,-2,1,7,Female,18,I prefer not to disclose my income.,1,voluntary,TRUE,0.2,"6124e437f703fa3b2e1ee8f6,0.20",-0.333333333
52,52,62,"I agree, continue to survey",Chrome,I certify that the information I will provide is honest and valid,,NA,5,5.124,-2,-2,-3,-1,-2,-3,1,9,Male,33,"€20,000 to €29,999",0,nonvoluntary,TRUE,0.2,"5f1e9d1e2c60658672c39278,0.20",-2.166666667
53,53,63,"I agree, continue to survey",Chrome,I certify that the information I will provide is honest and valid,,NA,2,4.225,2,1,-3,-3,0,0,1,7,Female,33,"€30,000 to €39,999",1,nonvoluntary,TRUE,0.05,"6128a7cca3ac200eb1de9737,0.05",-0.5
54,54,64,"I agree, continue to survey",Chrome,,I certify that the information I will provide is honest and valid,NA,4,13.304,0,3,-3,-3,0,-3,1,10,Female,24,"Less than €10,000",0,voluntary,TRUE,0.15,"611d2c508b4c58130daf53b5,0.15",-1
55,55,66,"I agree, continue to survey",Chrome,,,NA,5,3.322,0,2,-1,-1,1,-2,1,6,Female,20,"Less than €10,000",1,control,TRUE,0.2,"61092d79b541235798c8fa11,0.20",-0.166666667
56,56,68,"I agree, continue to survey",Edge,,,NA,4,7.774,-3,1,-3,-2,1,0,1,9,Female,20,I prefer not to disclose my income.,1,control,TRUE,0.15,"6105a924c17b8bc561ce8d89,0.15",-1
57,57,69,"I agree, continue to survey",Chrome,,,NA,1,4.1,-2,2,-3,-3,1,-3,1,10,Female,24,I prefer not to disclose my income.,1,control,TRUE,0,"6121562d3f43332cf15033b5,0",-1.333333333
58,58,70,"I agree, continue to survey",Firefox,,,NA,3,4.567,-3,1,-3,-3,-3,-3,1,9,Non-binary,21,"€10,000 to €19,999",1,control,TRUE,0.1,"61251de13f275989299f79d1,0.10",-2.333333333
59,59,71,"I agree, continue to survey",Chrome,,,NA,3,8.26,-3,-1,-3,-3,0,-3,1,9,Female,26,"€10,000 to €19,999",1,control,TRUE,0.1,"6113f0358c9f35f7336907cb,0.10",-2.166666667
60,60,72,"I agree, continue to survey",Chrome,I certify that the information I will provide is honest and valid,,NA,5,10.948,-3,3,-3,-1,2,1,1,1,Female,31,"Less than €10,000",1,nonvoluntary,TRUE,0.2,"612cbd6782659920b1b374cf,0.20",-0.166666667
61,61,73,"I agree, continue to survey",Chrome,,,10,4,5.815,-3,-3,-3,-3,3,-3,1,10,Female,22,"Less than €10,000",1,question,TRUE,0.15,"612d02c843febced134c8fd4,0.15",-2
62,62,74,"I agree, continue to survey",Chrome,,I certify that the information I will provide is honest and valid,NA,6,2.455,1,2,-2,1,-1,0,1,7,Non-binary,19,"Less than €10,000",1,voluntary,TRUE,0.25,"6117c69be5bd9de5960c0e87,0.25",0.166666667
63,63,75,"I agree, continue to survey",Edge,I certify that the information I will provide is honest and valid,,NA,4,4.403,0,2,-3,-3,0,-3,1,10,Male,22,"€20,000 to €29,999",1,nonvoluntary,TRUE,0.15,"61253266fba5c5a6e973444b,0.15",-1.166666667
64,64,76,"I agree, continue to survey",Chrome,,I certify that the information I will provide is honest and valid,NA,6,3.366,-1,2,-3,-2,0,-1,1,8,Female,25,"€50,000 to €59,999",1,voluntary,TRUE,0.25,"612cedd5e6ba03263d3cf9ae,0.25",-0.833333333
65,65,77,"I agree, continue to survey",Chrome,I certify that the information I will provide is honest and valid,,NA,6,3.842,-3,-2,-3,-3,-3,-3,1,10,Female,36,"€70,000 to €79,999",0,nonvoluntary,TRUE,0.25,"5e369061693a506339fc0613,0.25",-2.833333333
66,66,80,"I agree, continue to survey",Chrome,,,1,4,4.261,1,3,-1,1,2,0,1,4,Male,29,"€60,000 to €69,999",0,question,TRUE,0.15,"5d3ec46741fc550016ff5232,0.15",1
67,67,81,"I agree, continue to survey",Chrome,,,8,3,4.585,0,3,1,-2,1,-1,1,7,Non-binary,22,I prefer not to disclose my income.,1,question,TRUE,0.1,"6125cb80fe0f9614d5014951,0.10",0.333333333
68,68,90,"I agree, continue to survey",Chrome,,,5,4,3.14,2,2,-2,-2,2,2,1,5,Female,19,I prefer not to disclose my income.,1,question,TRUE,0.15,"60fd700ddccd9e72ed444243,0.15",0.666666667
69,69,91,"I agree, continue to survey",Chrome,I certify that the information I will provide is honest and valid,,NA,3,6.441,1,2,-2,-2,1,-2,1,7,Female,28,I prefer not to disclose my income.,1,nonvoluntary,TRUE,0.1,"612bf5acefbf7a678c8b6ba5,0.10",-0.333333333
70,70,92,"I agree, continue to survey",Chrome,,,10,1,18.881,-3,2,-3,-2,-3,-1,1,10,Male,35,"€30,000 to €39,999",1,question,TRUE,0,"611f770454ccb42478157748,0",-1.666666667
71,71,93,"I agree, continue to survey",Chrome,,I certify that the information I will provide is honest and valid,NA,2,7.186,0,-2,-2,-3,1,1,1,9,Male,32,"€10,000 to €19,999",1,voluntary,TRUE,0.05,"61266df2b1bb3754a43571a2,0.05",-0.833333333
72,72,95,"I agree, continue to survey",Chrome,,,3,3,23.592,2,3,-2,3,2,-1,1,3,Male,20,"Less than €10,000",1,question,TRUE,0.1,"6127536826b588a22030e76e,0.10",1.166666667
73,73,96,"I agree, continue to survey",Chrome,,,8,6,7.382,-2,1,-3,-3,3,3,1,3,Female,19,I prefer not to disclose my income.,1,question,TRUE,0.25,"612b4175d641a0e021dac646,0.25",-0.166666667
74,74,98,"I agree, continue to survey",Chrome,,,NA,6,8.801,-3,2,-3,-2,-3,-2,1,1,Male,21,"Less than €10,000",1,control,TRUE,0.25,"612cc577815fff398af310e7,0.25",-1.833333333
75,75,99,"I agree, continue to survey",Chrome,,,NA,2,21.436,0,3,0,-3,0,0,1,10,Female,36,"Less than €10,000",0,voluntary,TRUE,0.05,"611ce1e5ce1ee850c1dfc9eb,0.05",0
76,76,100,"I agree, continue to survey",Edge,,I certify that the information I will provide is honest and valid,NA,6,7.509,2,-3,-2,-2,2,1,1,10,Female,24,I prefer not to disclose my income.,1,voluntary,TRUE,0.25,"6129ee13759c19e6b43fc1bf,0.25",-0.333333333
77,77,101,"I agree, continue to survey",Opera,,,NA,3,5.343,-2,3,-3,3,3,3,1,10,Male,20,"Less than €10,000",1,control,TRUE,0.1,"5ea32cbbe8634928b5fb5f28,0.10",1.166666667
78,78,102,"I agree, continue to survey",Chrome,,,8,4,3.796,1,1,-2,-2,2,2,1,8,Male,31,"€20,000 to €29,999",1,question,TRUE,0.15,"5f15d7596bc35e25fadda6dd,0.15",0.333333333
79,79,103,"I agree, continue to survey",Chrome,,,7,1,5.594,-2,1,-3,-3,1,-1,1,7,Female,23,"€10,000 to €19,999",1,question,TRUE,0,"61266f7d11c0e9d947954036,0",-1.166666667
80,80,104,"I agree, continue to survey",Chrome,I certify that the information I will provide is honest and valid,,NA,3,7.622,1,1,-1,-3,2,1,1,7,Male,23,I prefer not to disclose my income.,1,nonvoluntary,TRUE,0.1,"612b599d2a4b5bc201fea25b,0.10",0.166666667
81,81,105,"I agree, continue to survey",Chrome,,I certify that the information I will provide is honest and valid,NA,2,8.061,-2,1,-2,-2,1,1,1,7,Female,18,"€20,000 to €29,999",1,voluntary,TRUE,0.05,"612ba5f4f5ca77bbbd1f81f9,0.05",-0.5
82,82,106,"I agree, continue to survey",Chrome,I certify that the information I will provide is honest and valid,,NA,4,3.365,-2,2,-2,-2,2,-2,1,10,Male,22,I prefer not to disclose my income.,1,nonvoluntary,TRUE,0.15,"612ccc537fd00ae8b3e8b95f,0.15",-0.666666667
83,83,107,"I agree, continue to survey",Chrome,,I certify that the information I will provide is honest and valid,NA,1,5.809,1,3,-2,-3,0,-3,1,5,Female,21,"Less than €10,000",1,voluntary,TRUE,0,"612bb537599d5353ac23dc77,0",-0.666666667
84,84,108,"I agree, continue to survey",Chrome,,I certify that the information I will provide is honest and valid,NA,1,11.901,-2,1,-2,0,1,1,1,8,Non-binary,24,"Less than €10,000",0,voluntary,TRUE,0,"61119c082735b4dccb04645f,0",-0.166666667
85,85,109,"I agree, continue to survey",Chrome,,,NA,3,5.77,1,1,0,-1,2,0,1,4,Female,19,I prefer not to disclose my income.,0,control,TRUE,0.1,"61242dd5be1a06b174975a1f,0.10",0.5
86,86,110,"I agree, continue to survey",Opera,,,NA,3,4.36,-1,1,-1,0,1,-1,1,8,Female,30,I prefer not to disclose my income.,1,control,TRUE,0.1,"60fd44efe9b41a952db87f81,0.10",-0.166666667
87,87,111,"I agree, continue to survey",Edge,,,NA,3,6.137,-3,0,-3,-3,2,-3,1,10,Female,21,"Less than €10,000",1,control,TRUE,0.1,"611edcafc9b25caa098c3670,0.10",-1.666666667
88,88,112,"I agree, continue to survey",Chrome,,I certify that the information I will provide is honest and valid,NA,3,6.854,-1,-1,0,3,2,-2,1,10,Male,28,"Less than €10,000",1,voluntary,TRUE,0.1,"612cda77c1856f176203ea4d,0.10",0.166666667
89,89,114,"I agree, continue to survey",Chrome,,,NA,1,4.087,0,2,-1,2,0,-2,1,7,Male,18,"€10,000 to €19,999",1,control,TRUE,0,"6125cdf4d30d304d61650e6e,0",0.166666667
90,90,115,"I agree, continue to survey",Safari,I certify that the information I will provide is honest and valid,,NA,6,3.684,-2,0,-3,-2,-2,-1,1,9,Male,20,"€20,000 to €29,999",1,nonvoluntary,TRUE,0.25,"61265bdcab9c469964c6e42e,0.25",-1.666666667
91,91,116,"I agree, continue to survey",Chrome,,,4,4,5.716,-1,1,-2,-1,2,-1,1,7,Female,20,"Less than €10,000",1,question,TRUE,0.15,"612a7e43a2bb31bdddc5671d,0.15",-0.333333333
92,92,119,"I agree, continue to survey",Firefox,,I certify that the information I will provide is honest and valid,NA,3,4.848,0,0,-3,-3,0,-1,1,8,Female,33,"€90,000 to €99,999",1,voluntary,TRUE,0.1,"612b5321e9cddbdd0963879c,0.10",-1.166666667
93,93,123,"I agree, continue to survey",Chrome,,,NA,5,2.68,-3,3,-3,-3,0,0,1,10,Female,29,"Less than €10,000",1,control,TRUE,0.2,"6129ad2c6cb5df50f63efab7,0.20",-1
94,94,124,"I agree, continue to survey",Chrome,I certify that the information I will provide is honest and valid,,NA,5,5.299,-1,2,-3,-3,0,-2,1,9,Male,21,"€10,000 to €19,999",1,nonvoluntary,TRUE,0.2,"6106dc4519ca3fabd3a46110,0.20",-1.166666667
95,95,125,"I agree, continue to survey",Chrome,,,3,2,4.095,1,2,-1,0,2,0,1,3,Female,24,"€30,000 to €39,999",1,question,TRUE,0.05,"61098448fac0c30d74bff176,0.05",0.666666667
96,96,126,"I agree, continue to survey",Chrome,,,8,6,3.657,-2,3,0,-2,1,-3,1,8,Non-binary,23,I prefer not to disclose my income.,1,question,TRUE,0.25,"612a96b20ef2bfd7c54f0871,0.25",-0.5
97,97,127,"I agree, continue to survey",Chrome,,,NA,2,3.79,-1,1,-3,-3,1,-2,1,9,Male,32,"€50,000 to €59,999",0,control,TRUE,0.05,"5f3bd9f1ecc8170ca6281440,0.05",-1.166666667
98,98,128,"I agree, continue to survey",Firefox,,,8,3,5.368,0,2,-3,-2,1,-2,1,8,Female,26,I prefer not to disclose my income.,1,question,TRUE,0.1,"6126ada60743b6c4e6cb6706,0.10",-0.666666667
99,99,130,"I agree, continue to survey",Edge,,,NA,3,5.079,-3,2,-3,-3,-3,-1,1,10,Female,59,"€20,000 to €29,999",1,control,TRUE,0.1,"5d24d4fb238d9900192a959c,0.10",-1.833333333
100,100,131,"I agree, continue to survey",Chrome,,I certify that the information I will provide is honest and valid,NA,2,5.222,-3,0,-3,-3,0,-3,1,10,Male,27,"Less than €10,000",1,voluntary,TRUE,0.05,"61255a9cc833d16c777cb169,0.05",-2
101,101,132,"I agree, continue to survey",Chrome,,I certify that the information I will provide is honest and valid,NA,5,6.154,-1,2,-2,-1,2,-3,1,8,Female,19,"Less than €10,000",1,voluntary,TRUE,0.2,"6129765c95dadea2f37b717c,0.20",-0.5
102,102,133,"I agree, continue to survey",Chrome,,,NA,1,3.688,-1,3,-1,-3,3,1,1,7,Female,18,I prefer not to disclose my income.,1,control,TRUE,0,"61071c4538370918f65a220b,0",0.333333333
103,103,134,"I agree, continue to survey",Chrome,,,NA,1,15.372,-3,-3,-3,-3,-3,3,1,10,Male,21,"Less than €10,000",1,control,TRUE,0,"611cfda46e28a6675bc39937,0",-2
104,104,136,"I agree, continue to survey",Chrome,I certify that the information I will provide is honest and valid,,NA,2,3.913,1,2,-1,-2,1,-2,1,7,Female,22,"€10,000 to €19,999",1,nonvoluntary,TRUE,0.05,"6110bf648e73a79c507ea17b,0.05",-0.166666667
105,105,137,"I agree, continue to survey",Chrome,I certify that the information I will provide is honest and valid,,NA,4,14.615,-3,-3,-3,-3,-3,-3,1,10,Female,24,"€10,000 to €19,999",1,nonvoluntary,TRUE,0.15,"5a70c878c2eb6c00017e165e,0.15",-3
106,106,138,"I agree, continue to survey",Chrome,,,7,6,4.419,1,1,-3,-1,3,-2,1,7,Male,18,"Less than €10,000",1,question,TRUE,0.25,"612a0c7f5ebf01b09e85ebd5,0.25",-0.166666667
107,107,139,"I agree, continue to survey",Chrome,I certify that the information I will provide is honest and valid,,NA,2,6.346,-2,1,-3,-3,-2,-2,1,10,Female,24,"€20,000 to €29,999",1,nonvoluntary,TRUE,0.05,"5b8aa542d0175c0001dc4e24,0.05",-1.833333333
108,108,140,"I agree, continue to survey",Chrome,,,10,1,4.855,1,2,-3,-3,2,-3,1,9,Female,29,"€20,000 to €29,999",1,question,TRUE,0,"6128088290e183700b1060e2,0",-0.666666667
109,109,141,"I agree, continue to survey",Chrome,,,NA,2,3.472,1,-2,-3,-3,-2,1,1,9,Male,24,"€80,000 to €89,999",1,control,TRUE,0.05,"55bd09dafdf99b316b14bdd9,0.05",-1.333333333
110,110,142,"I agree, continue to survey",Chrome,,I certify that the information I will provide is honest and valid,NA,1,2.679,1,2,-1,-1,2,0,1,7,Male,23,"€30,000 to €39,999",0,voluntary,TRUE,0,"5dec1ba8b3adb23076132726,0",0.5
111,111,144,"I agree, continue to survey",Safari,,,NA,4,2.739,1,3,-3,-3,1,-3,1,6,Female,18,"Less than €10,000",1,control,TRUE,0.15,"611ac6fd38d8e4bf1d1dee57,0.15",-0.666666667
112,112,147,"I agree, continue to survey",Chrome,,,4,3,22.092,1,3,-2,-3,2,2,1,10,Female,21,"Less than €10,000",1,question,TRUE,0.1,"612c01a35b9b56e42cd7dc17,0.10",0.5
113,113,148,"I agree, continue to survey",Edge,,,NA,3,7.331,-2,3,-2,-2,-1,-1,1,8,Male,26,"€60,000 to €69,999",1,control,TRUE,0.1,"6124fda4ff08157cbcb7db3c,0.10",-0.833333333
114,114,149,"I agree, continue to survey",Chrome,I certify that the information I will provide is honest and valid,,NA,3,5.46,-1,1,0,0,3,-3,1,7,Male,19,"€60,000 to €69,999",0,nonvoluntary,TRUE,0.1,"611c2ff014785e4214f27ddc,0.10",0
115,115,150,"I agree, continue to survey",Chrome,I certify that the information I will provide is honest and valid,,NA,5,7.143,-3,3,-3,-3,0,-3,1,10,Female,21,"Less than €10,000",1,nonvoluntary,TRUE,0.2,"611e599c430bfa1a389d8808,0.20",-1.5
116,116,152,"I agree, continue to survey",Chrome,,I certify that the information I will provide is honest and valid,NA,4,10.043,-3,1,-2,-3,2,2,1,9,Female,33,"€10,000 to €19,999",1,voluntary,TRUE,0.15,"611e78a860fcbffb4b275fbe,0.15",-0.5
117,117,153,"I agree, continue to survey",Chrome,,I certify that the information I will provide is honest and valid,NA,6,3.796,1,3,-2,-3,3,3,1,7,Male,25,"€20,000 to €29,999",1,voluntary,TRUE,0.25,"5eea1a61a8405e06e33ae769,0.25",0.833333333
118,118,155,"I agree, continue to survey",Chrome,,,8,3,4.879,-1,0,-2,-2,0,-2,1,8,Female,18,"€100,000 to €149,999",1,question,TRUE,0.1,"60fcfb5487af00f8dfa2bf67,0.10",-1.166666667
119,119,156,"I agree, continue to survey",Chrome,,,NA,6,8.922,-3,-3,-3,-3,-3,-3,1,10,Male,20,I prefer not to disclose my income.,1,control,TRUE,0.25,"612741670215a2501c7d1e46,0.25",-3
120,120,157,"I agree, continue to survey",Chrome,,I certify that the information I will provide is honest and valid,NA,4,5.191,-2,3,-3,2,3,1,1,10,Female,20,I prefer not to disclose my income.,1,voluntary,TRUE,0.15,"612b0f63db7cecf8f4915b9f,0.15",0.666666667
121,121,158,"I agree, continue to survey",Chrome,,I certify that the information I will provide is honest and valid,NA,2,2.132,-3,3,-3,-3,-3,-3,1,10,Male,41,"€40,000 to €49,999",1,voluntary,TRUE,0.05,"61208573d3099ef00fdc079c,0.05",-2
122,122,160,"I agree, continue to survey",Chrome,,,10,5,8.829,2,2,-2,-3,1,-2,1,9,Female,19,I prefer not to disclose my income.,1,question,TRUE,0.2,"61124c421bee59be60755cda,0.20",-0.333333333
123,123,161,"I agree, continue to survey",Chrome,,I certify that the information I will provide is honest and valid,NA,1,5.391,-1,1,-2,0,-1,-1,1,5,Female,21,"€50,000 to €59,999",1,voluntary,TRUE,0,"61290f4df663510e12177b86,0",-0.666666667
124,124,162,"I agree, continue to survey",Chrome,I certify that the information I will provide is honest and valid,,NA,3,6.489,-3,3,-3,-3,2,-2,1,7,Male,23,"Less than €10,000",1,nonvoluntary,TRUE,0.1,"611206dd3b6436ee4dbb7835,0.10",-1
125,125,163,"I agree, continue to survey",Firefox,I certify that the information I will provide is honest and valid,,NA,5,6.899,1,1,-2,-1,1,-2,1,8,Male,27,"€20,000 to €29,999",1,nonvoluntary,TRUE,0.2,"6126ae452798d5b6bfc2943b,0.20",-0.333333333
126,126,164,"I agree, continue to survey",Chrome,,I certify that the information I will provide is honest and valid,NA,5,6.072,-1,2,-2,-2,-1,-2,1,6,Female,25,"Less than €10,000",1,voluntary,TRUE,0.2,"611b340b0ba649b48cb8145e,0.20",-1
127,127,165,"I agree, continue to survey",Firefox,,,NA,3,4.179,1,3,-2,-3,1,1,1,6,Non-binary,21,I prefer not to disclose my income.,0,control,TRUE,0.1,"61145a2c91bf713281bbcf21,0.10",0.166666667
128,128,166,"I agree, continue to survey",Chrome,,,6,6,7.133,0,2,-1,1,1,0,1,6,Female,26,"€20,000 to €29,999",1,question,TRUE,0.25,"611adf8e380258c6e713c452,0.25",0.5
129,129,167,"I agree, continue to survey",Chrome,,,NA,3,5.6,-2,1,-3,0,2,0,1,10,Male,30,"€10,000 to €19,999",1,control,TRUE,0.1,"611e5af17471f998568b95e7,0.10",-0.333333333
130,130,169,"I agree, continue to survey",Chrome,,,2,6,28.88,3,3,0,2,3,1,1,2,Male,19,"€40,000 to €49,999",0,question,TRUE,0.25,"611fe169fbe795d2cdddd45c,0.25",2
131,131,171,"I agree, continue to survey",Chrome,,I certify that the information I will provide is honest and valid,NA,4,25.335,0,2,-3,2,-2,1,1,9,Female,26,"Less than €10,000",1,voluntary,TRUE,0.15,"60b8b97ca85ee806543a40e1,0.15",0
132,132,172,"I agree, continue to survey",Chrome,I certify that the information I will provide is honest and valid,,NA,5,2.663,-3,-1,-3,-3,-3,-3,1,10,Female,22,"Less than €10,000",1,nonvoluntary,TRUE,0.2,"60fab7b3ed2c94c0bac2bb57,0.20",-2.666666667
133,133,173,"I agree, continue to survey",Chrome,,,NA,4,12.967,-1,3,0,-1,3,2,1,4,Female,22,"Less than €10,000",1,control,TRUE,0.15,"612be3bebb372d027cffa82c,0.15",1
134,134,174,"I agree, continue to survey",Chrome,,I certify that the information I will provide is honest and valid,NA,4,4.409,-2,1,-3,-3,-2,-2,1,8,Female,18,I prefer not to disclose my income.,1,voluntary,TRUE,0.15,"5fa41140845e0201035c83c9,0.15",-1.833333333
135,135,175,"I agree, continue to survey",Chrome,I certify that the information I will provide is honest and valid,,NA,6,3.282,1,3,-3,-3,-1,-3,1,9,Female,22,"€30,000 to €39,999",1,nonvoluntary,TRUE,0.25,"6127a2fae1e7db234db827b9,0.25",-1
136,136,176,"I agree, continue to survey",Edge,,,10,1,28.718,0,2,-3,-3,3,2,1,10,Female,46,"Less than €10,000",1,question,TRUE,0,"6124a175ca668efd0273ccfa,0",0.166666667
137,137,177,"I agree, continue to survey",Opera,,,NA,4,5.26,0,1,-3,-3,-3,0,1,8,Male,23,I prefer not to disclose my income.,0,control,TRUE,0.15,"5f2d2faf3ffe6a28e6968724,0.15",-1.333333333
138,138,178,"I agree, continue to survey",Edge,I certify that the information I will provide is honest and valid,,NA,3,4.592,-2,-1,-3,-2,-1,-2,1,8,Female,32,"€40,000 to €49,999",1,nonvoluntary,TRUE,0.1,"6128bb6dc2d656aad06c8cf5,0.10",-1.833333333
139,139,180,"I agree, continue to survey",Firefox,,,NA,6,6.571,1,1,1,1,1,1,1,6,Male,24,I prefer not to disclose my income.,0,control,TRUE,0.25,"5f25ad89a00fac0a61d08461,0.25",1
140,140,181,"I agree, continue to survey",Chrome,,,5,5,5.686,-2,2,-3,-3,-1,-3,1,7,Female,20,"Less than €10,000",1,question,TRUE,0.2,"6120ade3cd7bdb466e0c3d52,0.20",-1.666666667
141,141,183,"I agree, continue to survey",Safari,I certify that the information I will provide is honest and valid,,NA,1,5.384,-2,-3,-3,-3,-2,-3,1,9,Male,25,"€30,000 to €39,999",1,nonvoluntary,TRUE,0,"60eda9c67c5628fe3048c996,0",-2.666666667
142,142,184,"I agree, continue to survey",Chrome,,,NA,4,4.59,1,2,-2,-3,0,-1,1,4,Male,26,I prefer not to disclose my income.,1,control,TRUE,0.15,"5b2d1d8d532e3d00018dcdab,0.15",-0.5
143,143,185,"I agree, continue to survey",Chrome,,,NA,2,5.096,-2,1,-2,-3,3,-1,1,9,Female,19,"€50,000 to €59,999",1,control,TRUE,0.05,"610b94ae1c248aecc50cb71e,0.05",-0.666666667
144,144,186,"I agree, continue to survey",Chrome,,,10,4,6.386,-2,-2,-2,-3,-3,2,1,10,Female,20,"Less than €10,000",1,question,TRUE,0.15,"612a88db0f829592c980757d,0.15",-1.666666667
145,145,187,"I agree, continue to survey",Chrome,,,NA,1,6.16,-3,-3,-3,-3,-3,-3,1,10,Female,30,"€10,000 to €19,999",1,control,TRUE,0,"61099adfb1424aaa47a0a9ce,0",-3
146,146,188,"I agree, continue to survey",Safari,,I certify that the information I will provide is honest and valid,NA,5,9.045,-3,2,-3,-3,2,-2,1,10,Female,25,"Less than €10,000",1,voluntary,TRUE,0.2,"6122ba6ef91f0ace90542531,0.20",-1.166666667
147,147,189,"I agree, continue to survey",Chrome,,,9,4,10.537,-2,0,-2,-3,-2,-2,1,9,Female,24,"€60,000 to €69,999",1,question,TRUE,0.15,"612d06a44690f3a1ca08e641,0.15",-1.833333333
148,148,190,"I agree, continue to survey",Chrome,I certify that the information I will provide is honest and valid,,NA,3,5.116,1,2,-1,-2,3,1,1,9,Male,27,"€10,000 to €19,999",1,nonvoluntary,TRUE,0.1,"5eea5ebf52f5b213e318647b,0.10",0.666666667
149,149,191,"I agree, continue to survey",Chrome,,,9,3,22.815,-3,3,-2,2,-3,1,1,10,Male,24,"€20,000 to €29,999",0,question,TRUE,0.1,"611d65153fd43428af8ae113,0.10",-0.333333333
150,150,192,"I agree, continue to survey",Chrome,,,9,4,6.241,-2,1,-3,0,3,0,1,9,Female,20,"€10,000 to €19,999",1,question,TRUE,0.15,"61142ec9784c7e0a228039f7,0.15",-0.166666667
151,151,194,"I agree, continue to survey",Chrome,,I certify that the information I will provide is honest and valid,NA,3,12.783,-1,1,-1,-1,3,-2,1,6,Female,27,"€10,000 to €19,999",1,voluntary,TRUE,0.1,"60fd1cf9e4dea75bcd77421f,0.10",-0.166666667
152,152,195,"I agree, continue to survey",Chrome,I certify that the information I will provide is honest and valid,,NA,3,8.147,-2,1,-3,-1,-3,0,1,10,Female,32,"€20,000 to €29,999",1,nonvoluntary,TRUE,0.1,"61245f858c4c0958ebf52636,0.10",-1.333333333
153,153,196,"I agree, continue to survey",Chrome,I certify that the information I will provide is honest and valid,,NA,4,4.536,-1,2,0,0,3,-2,1,7,Female,29,"€40,000 to €49,999",1,nonvoluntary,TRUE,0.15,"612ca20a98fde13ca295ef38,0.15",0.333333333
154,154,197,"I agree, continue to survey",Chrome,,,10,6,9.566,-3,-3,-3,-3,-3,-3,1,10,Female,21,"Less than €10,000",1,question,TRUE,0.25,"61284524dfe1046425604132,0.25",-3
155,155,198,"I agree, continue to survey",Chrome,I certify that the information I will provide is honest and valid,,NA,1,17.313,0,0,-3,-3,-3,-3,1,10,Female,25,"Less than €10,000",1,nonvoluntary,TRUE,0,"611dde2ebbb7d08531863d6d,0",-2
156,156,199,"I agree, continue to survey",Chrome,I certify that the information I will provide is honest and valid,,NA,1,10.931,1,1,-1,1,2,0,1,8,Male,24,"€60,000 to €69,999",1,nonvoluntary,TRUE,0,"612ceeba7443a9435ee234bf,0",0.666666667
157,157,201,"I agree, continue to survey",Chrome,,,NA,5,3.535,-1,3,-3,-3,2,1,1,10,Male,22,"Less than €10,000",1,control,TRUE,0.2,"61275ac5966a0a47a0be0397,0.20",-0.166666667
158,158,202,"I agree, continue to survey",Chrome,,I certify that the information I will provide is honest and valid,NA,3,5.788,1,-2,1,1,1,-1,1,4,Male,22,"€30,000 to €39,999",1,voluntary,TRUE,0.1,"612634726f66f02657790b35,0.10",0.166666667
159,159,203,"I agree, continue to survey",Chrome,I certify that the information I will provide is honest and valid,,NA,1,7.192,1,1,-3,-1,-1,-2,1,7,Female,39,"€10,000 to €19,999",1,nonvoluntary,TRUE,0,"5c73d4185ba5060001ce7396,0",-0.833333333
160,160,204,"I agree, continue to survey",Chrome,,,NA,3,3.014,0,0,-1,0,1,0,1,7,Female,20,"€90,000 to €99,999",1,control,TRUE,0.1,"61005b1e535dfa3e8f2ab827,0.10",0
161,161,205,"I agree, continue to survey",Safari,,,4,3,19.508,-1,2,-1,-1,2,1,1,4,Female,20,"Less than €10,000",1,question,TRUE,0.1,"612cebaa82955dc557a8ba2c,0.10",0.333333333
162,162,206,"I agree, continue to survey",Chrome,,,NA,1,5.471,0,2,-1,-2,1,-1,1,6,Female,29,"€20,000 to €29,999",1,control,TRUE,0,"5ba5662060f3d50001695491,0",-0.166666667
163,163,207,"I agree, continue to survey",Chrome,,,NA,2,55.834,-2,2,-1,-1,1,-3,1,7,Female,27,"Less than €10,000",1,control,TRUE,0.05,"611124ef2396e2d02910ed7c,0.05",-0.666666667
164,164,208,"I agree, continue to survey",Chrome,,,NA,5,3.412,-1,2,-3,-3,0,-1,1,9,Female,23,"€70,000 to €79,999",1,control,TRUE,0.2,"6108e02e852a3972e4c575f4,0.20",-1
165,165,209,"I agree, continue to survey",Chrome,,,4,3,6.591,0,2,-2,1,2,1,1,4,Male,20,I prefer not to disclose my income.,1,question,TRUE,0.1,"612bf8ac744096d8e116ccd2,0.10",0.666666667
166,166,211,"I agree, continue to survey",Chrome,,,9,1,5.237,2,2,-2,-3,1,0,1,9,Male,31,"€40,000 to €49,999",1,question,TRUE,0,"6123775d38737b394ac13223,0",0
167,167,212,"I agree, continue to survey",Edge,I certify that the information I will provide is honest and valid,,NA,5,5.217,-1,2,-3,-1,-3,-1,1,9,Female,18,I prefer not to disclose my income.,0,nonvoluntary,TRUE,0.2,"61201013364dc3397130c9c7,0.20",-1.166666667
168,168,213,"I agree, continue to survey",Edge,,,NA,6,9.422,-3,1,-3,-3,-3,-2,1,10,Female,28,"Less than €10,000",1,control,TRUE,0.25,"611cb93c1630a3c7a5f60d1a,0.25",-2.166666667
169,169,214,"I agree, continue to survey",Chrome,,,10,1,9.751,-2,-2,-3,-3,-3,-2,1,10,Female,22,I prefer not to disclose my income.,1,question,TRUE,0,"61212fb4f71bcc0f31954592,0",-2.5
170,170,215,"I agree, continue to survey",Firefox,,I certify that the information I will provide is honest and valid,NA,6,5.877,-1,2,-3,-3,2,-1,1,10,Male,26,"€10,000 to €19,999",1,voluntary,TRUE,0.25,"6123b4b1de02f8580b5d805b,0.25",-0.666666667
171,171,216,"I agree, continue to survey",Chrome,I certify that the information I will provide is honest and valid,,NA,1,3.45,-3,1,-3,-3,2,-1,1,10,Male,19,"€20,000 to €29,999",1,nonvoluntary,TRUE,0,"61265fa763bacaa9ef2ab383,0",-1.166666667
172,172,217,"I agree, continue to survey",Chrome,,I certify that the information I will provide is honest and valid,NA,4,9.856,3,3,-3,2,2,-3,1,5,Male,20,"Less than €10,000",0,voluntary,TRUE,0.15,"612cc2961af7a33798b213e3,0.15",0.666666667
173,173,218,"I agree, continue to survey",Chrome,,,NA,3,4.502,-2,2,-3,-3,0,-3,1,10,Female,21,"Less than €10,000",1,control,TRUE,0.1,"611ceab17bc6752b673f1551,0.10",-1.5
174,174,220,"I agree, continue to survey",Chrome,I certify that the information I will provide is honest and valid,,NA,1,1.786,1,0,2,0,1,0,1,7,Male,31,"€20,000 to €29,999",0,nonvoluntary,TRUE,0,"5f58c538082c5b05b82953f6,0",0.666666667
175,175,221,"I agree, continue to survey",Chrome,,,NA,5,2.115,2,3,-2,-3,3,1,1,7,Male,22,"€30,000 to €39,999",1,control,TRUE,0.2,"5e957782fd282d3f6481a172,0.20",0.666666667
176,176,222,"I agree, continue to survey",Chrome,I certify that the information I will provide is honest and valid,,NA,4,5.653,1,3,-2,-3,2,-2,1,8,Female,18,"€50,000 to €59,999",1,nonvoluntary,TRUE,0.15,"610b743b3f893111e9fa3986,0.15",-0.166666667
177,177,223,"I agree, continue to survey",Chrome,,I certify that the information I will provide is honest and valid,NA,6,7.687,-2,-1,-3,-3,2,0,1,8,Male,27,"€60,000 to €69,999",1,voluntary,TRUE,0.25,"5e383e4c95ff5604a043c48f,0.25",-1.166666667
178,178,224,"I agree, continue to survey",Chrome,,I certify that the information I will provide is honest and valid,NA,1,12.788,-3,3,-3,0,-3,-3,1,10,Female,22,"€30,000 to €39,999",0,voluntary,TRUE,0,"60f6f43f23e91765e65b9440,0",-1.5
179,179,225,"I agree, continue to survey",Chrome,I certify that the information I will provide is honest and valid,,NA,5,3.478,-1,1,-3,-3,-2,-1,1,7,Female,20,I prefer not to disclose my income.,0,nonvoluntary,TRUE,0.2,"612123069acca8d211742292,0.20",-1.5
180,180,227,"I agree, continue to survey",Chrome,,I certify that the information I will provide is honest and valid,NA,6,20.005,1,0,1,0,0,0,1,7,Male,24,I prefer not to disclose my income.,0,voluntary,TRUE,0.25,"5cd0909f6e2d5800163ed5de,0.25",0.333333333
181,181,228,"I agree, continue to survey",Chrome,,,10,3,12.223,-2,-2,-3,-3,0,-1,1,10,Male,23,"€20,000 to €29,999",0,question,TRUE,0.1,"6123b53fbc06caf2059f2b25,0.10",-1.833333333
182,182,229,"I agree, continue to survey",Chrome,I certify that the information I will provide is honest and valid,,NA,2,2.525,3,3,-3,1,3,2,1,7,Female,23,"€40,000 to €49,999",1,nonvoluntary,TRUE,0.05,"60ffb96fcfdd58e8f1550e6d,0.05",1.5
183,183,230,"I agree, continue to survey",Chrome,,,NA,2,6.333,3,1,-2,2,-1,1,1,8,Male,22,"€40,000 to €49,999",0,control,TRUE,0.05,"5bb0b233e2902f00017a40eb,0.05",0.666666667
184,184,232,"I agree, continue to survey",Chrome,I certify that the information I will provide is honest and valid,,NA,3,6.854,-2,3,-3,-3,2,-2,1,10,Male,24,"Less than €10,000",1,nonvoluntary,TRUE,0.1,"611cf827a7bae2551108047b,0.10",-0.833333333
185,185,233,"I agree, continue to survey",Chrome,,I certify that the information I will provide is honest and valid,NA,6,30.726,-3,3,-3,-3,0,3,1,10,Female,25,"Less than €10,000",1,voluntary,TRUE,0.25,"611bff6c1801190512526d33,0.25",-0.5
186,186,234,"I agree, continue to survey",Chrome,,,NA,2,3.763,-3,2,-3,-3,-2,-3,1,10,Female,21,"€50,000 to €59,999",1,control,TRUE,0.05,"612ade5bcfbc9213101869ed,0.05",-2
187,187,235,"I agree, continue to survey",Edge,I certify that the information I will provide is honest and valid,,NA,6,10.712,-2,3,-3,0,-1,0,1,10,Female,24,I prefer not to disclose my income.,1,nonvoluntary,TRUE,0.25,"612cf3fc54f0b126769eab2b,0.25",-0.5
188,188,236,"I agree, continue to survey",Opera,,,NA,3,3.384,1,-2,-3,-3,1,-1,1,10,Female,28,"€40,000 to €49,999",1,control,TRUE,0.1,"5b92e784f0d8ee0001c1de58,0.10",-1.166666667
189,189,237,"I agree, continue to survey",Chrome,,I certify that the information I will provide is honest and valid,NA,4,11.764,2,3,-3,0,2,-2,1,10,Female,24,"Less than €10,000",1,voluntary,TRUE,0.15,"61252dbed33b04294bc5cd30,0.15",0.333333333
190,190,238,"I agree, continue to survey",Chrome,,,8,3,6.587,1,0,-2,-2,2,1,1,8,Female,38,"€30,000 to €39,999",1,question,TRUE,0.1,"6123f46075c2ca2ddcd6f3dc,0.10",0
191,191,239,"I agree, continue to survey",Chrome,I certify that the information I will provide is honest and valid,,NA,5,9.64,-2,3,-3,-3,2,-2,1,10,Female,21,I prefer not to disclose my income.,1,nonvoluntary,TRUE,0.2,"612ceff6f0dc452f40dfd929,0.20",-0.833333333
192,192,240,"I agree, continue to survey",Chrome,,,10,1,6.64,0,2,0,-1,3,1,1,10,Male,19,"€10,000 to €19,999",1,question,TRUE,0,"612a9328c5e8bd6c4813d6a1,0",0.833333333
193,193,241,"I agree, continue to survey",Chrome,,I certify that the information I will provide is honest and valid,NA,4,5.657,1,2,-3,-2,2,-1,1,10,Female,32,"€10,000 to €19,999",1,voluntary,TRUE,0.15,"611e3f883726ff20989bc3cf,0.15",-0.166666667
194,194,243,"I agree, continue to survey",Chrome,,,10,6,8.202,-3,3,-2,1,3,0,1,10,Male,26,"Less than €10,000",1,question,TRUE,0.25,"61176ed28c8935138ab6a64b,0.25",0.333333333
195,195,244,"I agree, continue to survey",Chrome,,I certify that the information I will provide is honest and valid,NA,3,5.176,-1,3,-2,-2,2,-3,1,6,Female,23,"Less than €10,000",1,voluntary,TRUE,0.1,"61269bc62bad4aedb2c77657,0.10",-0.5
196,196,245,"I agree, continue to survey",Chrome,,,NA,6,1.966,1,2,-1,-1,1,0,1,6,Male,23,"€10,000 to €19,999",0,control,TRUE,0.25,"5f4d2688ba21520e21a195b2,0.25",0.333333333
197,197,246,"I agree, continue to survey",Chrome,I certify that the information I will provide is honest and valid,,NA,3,3.875,1,1,-2,-1,1,-2,1,7,Male,25,"€10,000 to €19,999",1,nonvoluntary,TRUE,0.1,"5eb6c6783213225c224bb4fa,0.10",-0.333333333
198,198,247,"I agree, continue to survey",Edge,,,8,2,15.701,0,2,-2,-2,-2,-1,1,7,Male,20,"Less than €10,000",1,question,TRUE,0.05,"6104567e921ce56f350706da,0.05",-0.833333333
199,199,248,"I agree, continue to survey",Chrome,,,NA,2,2.057,2,1,-2,-1,2,0,1,8,Non-binary,22,"€70,000 to €79,999",1,control,TRUE,0.05,"5d45cad0fb0ce0001c04f96c,0.05",0.333333333
200,200,249,"I agree, continue to survey",Edge,,,NA,2,21.674,-2,3,-3,-2,-3,-2,1,10,Male,21,"Less than €10,000",1,control,TRUE,0.05,"610532ab7ed92c05b546bfd3,0.05",-1.5
201,201,250,"I agree, continue to survey",Safari,I certify that the information I will provide is honest and valid,,NA,6,6.088,0,0,0,0,0,0,1,5,Male,20,"€10,000 to €19,999",0,nonvoluntary,TRUE,0.25,"6127c2d625fac0fa5c6916b4,0.25",0
202,202,251,"I agree, continue to survey",Chrome,,,10,6,9.117,0,2,-3,-3,2,-3,1,10,Female,22,"€20,000 to €29,999",1,question,TRUE,0.25,"60f8314f1f6ce546f2a5bc89,0.25",-0.833333333
203,203,252,"I agree, continue to survey",Chrome,,,8,2,3.454,-2,0,-3,-3,-2,-3,1,8,Male,19,I prefer not to disclose my income.,1,question,TRUE,0.05,"611313c1c87c61722c2c8e67,0.05",-2.166666667
204,204,253,"I agree, continue to survey",Opera,,,5,1,4.102,1,2,-1,0,-3,-2,1,5,Male,21,"Less than €10,000",1,question,TRUE,0,"6116c57718672a4cf4ea2bb4,0",-0.5
205,205,255,"I agree, continue to survey",Chrome,,I certify that the information I will provide is honest and valid,NA,2,9.545,0,3,-2,-3,3,3,1,8,Female,30,"Less than €10,000",1,voluntary,TRUE,0.05,"60f9935b861c0091257a4a39,0.05",0.666666667
206,206,256,"I agree, continue to survey",Chrome,,I certify that the information I will provide is honest and valid,NA,3,1.798,2,1,-1,0,2,1,1,8,Male,36,"€40,000 to €49,999",1,voluntary,TRUE,0.1,"611638991c557d838b938bd0,0.10",0.833333333
207,207,257,"I agree, continue to survey",Chrome,I certify that the information I will provide is honest and valid,,NA,3,14.611,-2,-1,-2,-1,3,-2,1,6,Female,20,"Less than €10,000",1,nonvoluntary,TRUE,0.1,"61080fd841f4cf432bee151c,0.10",-0.833333333
208,208,258,"I agree, continue to survey",Chrome,I certify that the information I will provide is honest and valid,,NA,2,2.864,-1,2,-3,-2,-2,0,1,9,Male,40,"€30,000 to €39,999",1,nonvoluntary,TRUE,0.05,"612410dbf7e32aeebf892633,0.05",-1
209,209,259,"I agree, continue to survey",Chrome,,I certify that the information I will provide is honest and valid,NA,2,8.452,1,0,-3,-3,-2,-1,1,10,Female,20,"Less than €10,000",1,voluntary,TRUE,0.05,"612bd6aaca096e67f7ae806f,0.05",-1.333333333
210,210,260,"I agree, continue to survey",Chrome,,,8,1,7.959,-1,2,-3,0,1,0,1,8,Female,21,I prefer not to disclose my income.,1,question,TRUE,0,"61238dc16be5b100558083d1,0",-0.166666667
211,211,261,"I agree, continue to survey",Chrome,,,NA,2,1.96,0,1,-2,-2,-1,-1,1,8,Female,24,"€20,000 to €29,999",1,control,TRUE,0.05,"5c7c0fcc37432100181311a1,0.05",-0.833333333
212,212,262,"I agree, continue to survey",Chrome,,,NA,5,5.494,-1,3,-1,-2,2,-1,1,6,Female,21,"Less than €10,000",1,control,TRUE,0.2,"610c251b25c1632ef6dfa7c8,0.20",0
213,213,263,"I agree, continue to survey",Chrome,,,NA,4,3.272,1,3,0,-3,3,1,1,8,Male,20,I prefer not to disclose my income.,1,control,TRUE,0.15,"611ce9ba719399cc0b6337c9,0.15",0.833333333
214,214,264,"I agree, continue to survey",Edge,I certify that the information I will provide is honest and valid,,NA,1,25.051,0,1,-1,-2,1,1,1,6,Female,19,"€70,000 to €79,999",0,nonvoluntary,TRUE,0,"5f1204b624fdfb11ceaf88ae,0",0
215,215,265,"I agree, continue to survey",Chrome,,I certify that the information I will provide is honest and valid,NA,3,18.547,-3,3,-3,-3,3,-3,1,10,Male,24,"Less than €10,000",1,voluntary,TRUE,0.1,"611de9a70e2dcda00aff4c79,0.10",-1
216,216,266,"I agree, continue to survey",Chrome,I certify that the information I will provide is honest and valid,,NA,4,1.462,-3,2,-2,-3,-3,-2,1,10,Male,19,"€50,000 to €59,999",1,nonvoluntary,TRUE,0.15,"61210f4b4275994c55f2c16f,0.15",-1.833333333
217,217,267,"I agree, continue to survey",Chrome,,I certify that the information I will provide is honest and valid,NA,2,18.679,-2,-1,-3,-2,-3,2,1,10,Female,24,"Less than €10,000",1,voluntary,TRUE,0.05,"61250b978efdc39bb9b67d1e,0.05",-1.5
218,218,268,"I agree, continue to survey",Chrome,,,3,5,7.949,1,2,-1,-1,2,-1,1,6,Female,20,"€100,000 to €149,999",1,question,TRUE,0.2,"61114308f075732104a093ca,0.20",0.333333333
219,219,269,"I agree, continue to survey",Chrome,,I certify that the information I will provide is honest and valid,NA,4,4.067,1,1,-3,-2,1,2,1,7,Male,23,"Less than €10,000",0,voluntary,TRUE,0.15,"61125646fdea94c78bddf15e,0.15",0
220,220,270,"I agree, continue to survey",Chrome,,,NA,6,7.268,-3,-3,-2,-3,-3,-2,1,9,Male,18,"Less than €10,000",1,control,TRUE,0.25,"60fdf79450dfc8625ca04b30,0.25",-2.666666667
221,221,271,"I agree, continue to survey",Chrome,,I certify that the information I will provide is honest and valid,NA,4,4.9,0,3,-1,-2,3,-1,1,7,Female,18,"Less than €10,000",1,voluntary,TRUE,0.15,"6129cce55e36e9f895b877d9,0.15",0.333333333
222,222,272,"I agree, continue to survey",Chrome,,,3,4,27.67,-3,3,-3,-3,1,1,1,10,Female,23,"€10,000 to €19,999",0,question,TRUE,0.15,"60ec0fc42ef69c43fcaa5147,0.15",-0.666666667
223,223,273,"I agree, continue to survey",Chrome,,I certify that the information I will provide is honest and valid,NA,1,5.616,-1,2,-3,-3,2,-1,1,9,Female,22,"Less than €10,000",1,voluntary,TRUE,0,"611c1efa42f8ac2293d5463d,0",-0.666666667
224,224,274,"I agree, continue to survey",Firefox,,,9,3,6.658,0,1,-2,-1,1,-2,1,9,Female,21,"Less than €10,000",1,question,TRUE,0.1,"6105c7c6443a3e689c0c7589,0.10",-0.5
225,225,276,"I agree, continue to survey",Chrome,,I certify that the information I will provide is honest and valid,NA,6,3.105,1,1,-3,2,0,-1,1,10,Female,18,I prefer not to disclose my income.,1,voluntary,TRUE,0.25,"6129386274a52532029e0ad7,0.25",0
226,226,277,"I agree, continue to survey",Chrome,I certify that the information I will provide is honest and valid,,NA,5,7.414,-3,-1,-3,-3,-2,-3,1,8,Female,19,"€10,000 to €19,999",0,nonvoluntary,TRUE,0.2,"60dc6faec7eb12a3ea835bda,0.20",-2.5
227,227,278,"I agree, continue to survey",Chrome,,,9,3,5.769,-2,3,-3,-3,1,-2,1,9,Female,23,"Less than €10,000",1,question,TRUE,0.1,"61275dace50e551c74a8fe69,0.10",-1
228,228,279,"I agree, continue to survey",Chrome,,I certify that the information I will provide is honest and valid,NA,1,6.085,-1,1,-3,-3,-3,-3,1,10,Female,19,"Less than €10,000",1,voluntary,TRUE,0,"610ea10f412cd41151435f3b,0",-2
229,229,280,"I agree, continue to survey",Chrome,,,9,2,4.746,-2,2,-3,-3,-2,-3,1,9,Female,35,"€10,000 to €19,999",0,question,TRUE,0.05,"610780206be30ed2242dc5e0,0.05",-1.833333333
230,230,281,"I agree, continue to survey",Chrome,I certify that the information I will provide is honest and valid,,NA,4,6.236,-1,-1,-3,-2,0,0,1,8,Male,24,"Less than €10,000",1,nonvoluntary,TRUE,0.15,"61261e160702ed60d09bb3a2,0.15",-1.166666667
231,231,282,"I agree, continue to survey",Firefox,I certify that the information I will provide is honest and valid,,NA,4,3.5,-1,2,-3,-2,2,-2,1,5,Male,24,I prefer not to disclose my income.,0,nonvoluntary,TRUE,0.15,"612ce27c8b0395e33ff7c438,0.15",-0.666666667
232,232,283,"I agree, continue to survey",Chrome,I certify that the information I will provide is honest and valid,,NA,5,5.396,1,3,-1,-1,1,1,1,7,Male,23,"€10,000 to €19,999",0,nonvoluntary,TRUE,0.2,"6126863b7fa9daea0848babf,0.20",0.666666667
233,233,284,"I agree, continue to survey",Chrome,,,NA,4,3.892,-1,2,0,-2,2,-3,1,9,Female,18,"€20,000 to €29,999",1,control,TRUE,0.15,"6105e2481bfad538d5444e30,0.15",-0.333333333
234,234,285,"I agree, continue to survey",Chrome,I certify that the information I will provide is honest and valid,,NA,2,3.503,-2,3,-3,-3,3,-3,1,6,Female,19,"€10,000 to €19,999",1,nonvoluntary,TRUE,0.05,"610177c9106fb8fd8badf8b7,0.05",-0.833333333
235,235,286,"I agree, continue to survey",Chrome,,,10,5,10.576,-3,0,-3,-3,-3,-2,1,10,Female,29,"Less than €10,000",1,question,TRUE,0.2,"6107094b81ddf6387b94075c,0.20",-2.333333333
236,236,287,"I agree, continue to survey",Chrome,,I certify that the information I will provide is honest and valid,NA,3,2.523,1,1,-2,-1,1,0,1,2,Female,32,"€150,000 or more",1,voluntary,TRUE,0.1,"61109354bf13e791ceed5db7,0.10",0
237,237,288,"I agree, continue to survey",Chrome,I certify that the information I will provide is honest and valid,,NA,3,6.673,-1,2,-3,-3,2,-3,1,9,Male,21,I prefer not to disclose my income.,1,nonvoluntary,TRUE,0.1,"612b6b81abbba7791c8cb369,0.10",-1
238,238,289,"I agree, continue to survey",Chrome,,,10,2,11.643,-1,3,-3,0,1,-3,1,9,Female,19,"€100,000 to €149,999",1,question,TRUE,0.05,"6124eb1821e2b4d5a294fc56,0.05",-0.5
239,239,291,"I agree, continue to survey",Chrome,,,7,5,2.71,1,2,-2,-3,2,-2,1,8,Male,19,I prefer not to disclose my income.,1,question,TRUE,0.2,"5fa01b49226a1a0207ae0600,0.20",-0.333333333
240,240,292,"I agree, continue to survey",Chrome,,,10,4,4.459,-1,2,-2,-2,-1,0,1,10,Male,26,"€10,000 to €19,999",0,question,TRUE,0.15,"611fe4688040824ef73652ef,0.15",-0.666666667
241,241,293,"I agree, continue to survey",Chrome,I certify that the information I will provide is honest and valid,,NA,5,6.058,-3,2,-3,-3,1,-1,1,9,Female,29,"€50,000 to €59,999",1,nonvoluntary,TRUE,0.2,"6127c7ef1d129ae428b39a3b,0.20",-1.166666667
242,242,294,"I agree, continue to survey",Chrome,,,NA,2,4.798,0,2,-2,-2,3,-2,1,8,Female,19,I prefer not to disclose my income.,0,control,TRUE,0.05,"60ff0d9aa70a2ff050371c76,0.05",-0.166666667
243,243,295,"I agree, continue to survey",Chrome,,,NA,6,16.584,-2,0,-3,-3,0,-2,1,9,Female,19,I prefer not to disclose my income.,1,control,TRUE,0.25,"6120d58633d3939faaf92126,0.25",-1.666666667
244,244,296,"I agree, continue to survey",Chrome,,I certify that the information I will provide is honest and valid,NA,2,17.78,0,2,-3,-3,3,0,1,10,Male,18,"€150,000 or more",0,voluntary,TRUE,0.05,"612be806b734955d25e6a01e,0.05",-0.166666667
245,245,297,"I agree, continue to survey",Chrome,,,10,4,5.841,-2,2,-3,-3,2,-3,1,10,Male,22,"€40,000 to €49,999",1,question,TRUE,0.15,"6123e4f0139e607751905d8b,0.15",-1.166666667
246,246,298,"I agree, continue to survey",Firefox,,I certify that the information I will provide is honest and valid,NA,6,3.092,-2,1,-2,-2,2,-2,1,7,Male,21,"€10,000 to €19,999",1,voluntary,TRUE,0.25,"5eac4b0a1f8db726fc6060c8,0.25",-0.833333333
247,247,299,"I agree, continue to survey",Chrome,,I certify that the information I will provide is honest and valid,NA,6,5.627,1,3,-3,1,3,-3,1,8,Female,28,"€10,000 to €19,999",1,voluntary,TRUE,0.25,"60feba4bc11ef349d9b023a5,0.25",0.333333333
248,248,300,"I agree, continue to survey",Chrome,,,5,5,36.359,1,1,0,-1,2,0,1,5,Male,22,I prefer not to disclose my income.,1,question,TRUE,0.2,"5ded57297080af41005a8f7d,0.20",0.5
249,249,301,"I agree, continue to survey",Chrome,,,NA,6,12.939,-2,1,-3,-3,0,0,1,10,Male,26,"€10,000 to €19,999",1,control,TRUE,0.25,"612660bd41354d9b450150ad,0.25",-1.166666667
250,250,302,"I agree, continue to survey",Chrome,,,8,5,4.571,1,-1,-2,-2,3,-2,1,8,Male,28,"€30,000 to €39,999",0,question,TRUE,0.2,"5ea358be733b422d604a60e6,0.20",-0.5
251,251,303,"I agree, continue to survey",Chrome,,,NA,4,4.762,-3,2,-3,-3,-3,-3,1,10,Male,34,"Less than €10,000",1,control,TRUE,0.15,"612520bd6605794b27e6a0fd,0.15",-2.166666667
252,252,304,"I agree, continue to survey",Firefox,,,NA,1,4.843,-3,-1,-3,-3,-3,2,1,10,Male,23,"Less than €10,000",1,control,TRUE,0,"611d53839b2655055b6d2de3,0",-1.833333333
253,253,305,"I agree, continue to survey",Chrome,,I certify that the information I will provide is honest and valid,NA,5,9.578,1,2,-2,-2,1,-2,1,9,Female,35,"€70,000 to €79,999",1,voluntary,TRUE,0.2,"60fab96d8feacb804fd92d43,0.20",-0.333333333
254,254,306,"I agree, continue to survey",Chrome,,I certify that the information I will provide is honest and valid,NA,4,8.06,-1,1,-2,0,3,-2,1,4,Male,23,I prefer not to disclose my income.,1,voluntary,TRUE,0.15,"612296b87416dfaf670907cd,0.15",-0.166666667
255,255,307,"I agree, continue to survey",Chrome,,,10,2,8.498,-3,3,-3,-2,0,-2,1,10,Female,25,"€30,000 to €39,999",0,question,TRUE,0.05,"60fb21661e691c5ff8ce5967,0.05",-1.166666667
256,256,308,"I agree, continue to survey",Chrome,,,8,3,8.74,1,2,0,-1,1,-1,1,7,Female,20,"Less than €10,000",1,question,TRUE,0.1,"610fcba6a86da3d5e85dba7b,0.10",0.333333333
257,257,309,"I agree, continue to survey",Chrome,,,7,6,4.307,1,2,-2,1,0,-3,1,7,Male,23,"€10,000 to €19,999",1,question,TRUE,0.25,"612685b3a12600c6f79b7ae7,0.25",-0.166666667
258,258,310,"I agree, continue to survey",Chrome,I certify that the information I will provide is honest and valid,,NA,1,1.902,2,2,-2,1,2,1,1,9,Male,31,"€100,000 to €149,999",0,nonvoluntary,TRUE,0,"61224a77e9fa083ad735c8f7,0",1
259,259,311,"I agree, continue to survey",Safari,I certify that the information I will provide is honest and valid,,NA,5,5.129,3,-3,-3,0,0,0,1,10,Female,20,"€10,000 to €19,999",1,nonvoluntary,TRUE,0.2,"611a71c887c290c05201c223,0.20",-0.5
260,260,312,"I agree, continue to survey",Edge,,,NA,3,7.909,0,1,-2,-1,0,-2,1,8,Female,19,"Less than €10,000",1,control,TRUE,0.1,"610702c93d1ec8cbb3bc4406,0.10",-0.666666667
261,261,313,"I agree, continue to survey",Chrome,,I certify that the information I will provide is honest and valid,NA,1,9.539,-3,-3,-3,-3,3,-3,1,10,Female,27,"€10,000 to €19,999",1,voluntary,TRUE,0,"6126f8dd8a130194a2488af5,0",-2
262,262,314,"I agree, continue to survey",Chrome,,I certify that the information I will provide is honest and valid,NA,5,6.2,-3,3,-3,-3,2,1,1,10,Female,23,"Less than €10,000",1,voluntary,TRUE,0.2,"611e84347dd401f7cee32548,0.20",-0.5
263,263,315,"I agree, continue to survey",Chrome,,I certify that the information I will provide is honest and valid,NA,2,9.902,1,2,-1,-2,1,-1,1,5,Male,25,"€40,000 to €49,999",1,voluntary,TRUE,0.05,"5a7dfd3d190420000155bbc4,0.05",0
264,264,316,"I agree, continue to survey",Chrome,,,NA,2,4.669,0,3,-3,-3,2,0,1,10,Female,26,I prefer not to disclose my income.,0,control,TRUE,0.05,"5f384ea1dc97f234f61d505c,0.05",-0.166666667
265,265,317,"I agree, continue to survey",Chrome,I certify that the information I will provide is honest and valid,,NA,6,7.21,1,1,-2,-1,1,-1,1,5,Male,20,"Less than €10,000",1,nonvoluntary,TRUE,0.25,"6121bf2dcd62398f2607538e,0.25",-0.166666667
266,266,318,"I agree, continue to survey",Safari,,,10,5,4.758,-1,2,-3,-2,3,-1,1,10,Female,27,"€10,000 to €19,999",1,question,TRUE,0.2,"6123cc8afca0ed9b2403a224,0.20",-0.333333333
267,267,319,"I agree, continue to survey",Chrome,I certify that the information I will provide is honest and valid,,NA,3,7.352,-3,1,-3,1,-3,-3,1,9,Male,29,"Less than €10,000",1,nonvoluntary,TRUE,0.1,"611d2921002dad3a3153640b,0.10",-1.666666667
268,268,320,"I agree, continue to survey",Safari,,I certify that the information I will provide is honest and valid,NA,1,6.798,1,1,-3,-3,1,1,1,10,Female,33,"€20,000 to €29,999",1,voluntary,TRUE,0,"6110d2cbb8231d2faa450fb9,0",-0.333333333
269,269,321,"I agree, continue to survey",Edge,,,NA,3,4.502,0,3,-3,3,0,3,1,1,Female,30,"Less than €10,000",1,control,TRUE,0.1,"6107c62e68ec8e6b03912e4b,0.10",1
270,270,322,"I agree, continue to survey",Chrome,,I certify that the information I will provide is honest and valid,NA,2,19.174,-2,-2,-3,3,-1,3,1,10,Male,26,"Less than €10,000",1,voluntary,TRUE,0.05,"612cb8236aa1cef2599e6f59,0.05",-0.333333333
271,271,323,"I agree, continue to survey",Chrome,,,6,1,5.643,0,3,-2,-1,0,1,1,6,Male,19,"Less than €10,000",1,question,TRUE,0,"610ed18a420fe75dc91fbce6,0",0.166666667
272,272,324,"I agree, continue to survey",Chrome,I certify that the information I will provide is honest and valid,,NA,6,5.091,-3,1,-3,-3,-3,-2,1,10,Female,23,"€10,000 to €19,999",1,nonvoluntary,TRUE,0.25,"6092e2aac56871319199b6a5,0.25",-2.166666667
273,273,325,"I agree, continue to survey",Chrome,,I certify that the information I will provide is honest and valid,NA,4,23.181,-3,-3,-3,-3,-3,-2,1,10,Female,25,"Less than €10,000",0,voluntary,TRUE,0.15,"6127ff8ead8ad2a0e2e01a9d,0.15",-2.833333333
274,274,326,"I agree, continue to survey",Opera,,,5,1,7.824,-3,-1,-3,3,0,1,1,10,Male,24,"Less than €10,000",0,question,TRUE,0,"612536d823aca41cace0c80d,0",-0.5
275,275,327,"I agree, continue to survey",Chrome,,,NA,2,11.071,-3,0,-3,-3,-3,-3,1,10,Female,31,I prefer not to disclose my income.,1,control,TRUE,0.05,"611c0483ed81f137be7080c5,0.05",-2.5
276,276,328,"I agree, continue to survey",Edge,,,NA,2,11.135,-3,-2,-3,-3,-2,-2,1,10,Male,25,"€20,000 to €29,999",1,control,TRUE,0.05,"612bb9f1c4860cacab6ebab1,0.05",-2.5
277,277,329,"I agree, continue to survey",Chrome,I certify that the information I will provide is honest and valid,,NA,6,2.703,-2,2,-3,-3,-1,-3,1,9,Male,18,"Less than €10,000",1,nonvoluntary,TRUE,0.25,"61254bf4ef0274a29a74762f,0.25",-1.666666667
278,278,330,"I agree, continue to survey",Edge,I certify that the information I will provide is honest and valid,,NA,5,11.003,-3,1,-3,-3,2,-3,1,10,Female,26,"Less than €10,000",1,nonvoluntary,TRUE,0.2,"611a8584e7bf0f3299a24ca7,0.20",-1.5
279,279,331,"I agree, continue to survey",Chrome,,,10,5,14.989,-3,-3,-3,-3,2,-3,1,10,Male,27,"Less than €10,000",1,question,TRUE,0.2,"6123f488d70a11af8b79f406,0.20",-2.166666667
280,280,332,"I agree, continue to survey",Chrome,,,NA,6,15.715,-3,-2,-3,3,-3,2,1,10,Female,22,"Less than €10,000",1,control,TRUE,0.25,"612cb24e860a5bee686d13d9,0.25",-1
281,281,333,"I agree, continue to survey",Chrome,,I certify that the information I will provide is honest and valid,NA,1,3.727,-2,1,-2,-3,-1,-2,1,8,Female,24,I prefer not to disclose my income.,1,voluntary,TRUE,0,"6110c7aa3d662738db309a89,0",-1.5
282,282,334,"I agree, continue to survey",Chrome,,I certify that the information I will provide is honest and valid,NA,4,9.874,-2,3,-3,-3,-3,-2,1,10,Male,25,"Less than €10,000",1,voluntary,TRUE,0.15,"612a6548b3f2d97747b95776,0.15",-1.666666667
283,283,335,"I agree, continue to survey",Chrome,I certify that the information I will provide is honest and valid,,NA,6,11.391,-3,-3,-3,-3,-1,-3,1,10,Female,25,"Less than €10,000",1,nonvoluntary,TRUE,0.25,"611a54b69be7ea245ae7da14,0.25",-2.666666667
284,284,336,"I agree, continue to survey",Chrome,,,NA,5,6.896,-1,-1,0,-2,0,0,1,7,Female,18,I prefer not to disclose my income.,1,control,TRUE,0.2,"61100e3ce245f7ad22819de0,0.20",-0.666666667
285,285,337,"I agree, continue to survey",Chrome,,,1,2,13.164,-3,-3,-3,-3,-3,-3,1,1,Male,25,"Less than €10,000",1,question,TRUE,0.05,"6128b6f850d39bf85a29211e,0.05",-3
286,286,338,"I agree, continue to survey",Chrome,I certify that the information I will provide is honest and valid,,NA,1,3.898,-2,-2,-3,-3,-3,-3,1,8,Female,23,"€20,000 to €29,999",1,nonvoluntary,TRUE,0,"6110feef74be159b1e98aff8,0",-2.666666667
287,287,340,"I agree, continue to survey",Chrome,,,5,1,4.807,1,3,-2,-3,3,-1,1,6,Female,28,"€150,000 or more",1,question,TRUE,0,"5eecde3471f81d09ed5b82c4,0",0.166666667
288,288,341,"I agree, continue to survey",Chrome,,,NA,5,3.369,0,3,-3,-3,1,2,1,9,Male,30,"€20,000 to €29,999",1,control,TRUE,0.2,"6128dec98dcae5acf71772ec,0.20",0
289,289,342,"I agree, continue to survey",Chrome,,I certify that the information I will provide is honest and valid,NA,4,5.13,1,1,-2,-2,2,-1,1,8,Male,45,"€90,000 to €99,999",1,voluntary,TRUE,0.15,"611e9edc36412a2229340a0d,0.15",-0.166666667
290,290,343,"I agree, continue to survey",Chrome,,,NA,4,4.02,0,2,-2,-3,3,-1,1,5,Female,21,"€70,000 to €79,999",1,control,TRUE,0.15,"611aa960f661917425f0c9bf,0.15",-0.166666667
291,291,344,"I agree, continue to survey",Chrome,,,10,6,5.698,-2,1,-3,-2,1,0,1,10,Female,18,I prefer not to disclose my income.,1,question,TRUE,0.25,"610cca28e74fbb8c330464b8,0.25",-0.833333333
292,292,345,"I agree, continue to survey",Firefox,,I certify that the information I will provide is honest and valid,NA,1,2.489,-1,2,-2,-3,1,-2,1,2,Female,19,I prefer not to disclose my income.,0,voluntary,TRUE,0,"6119264d37beb12c69eca7e1,0",-0.833333333
293,293,346,"I agree, continue to survey",Chrome,I certify that the information I will provide is honest and valid,,NA,6,2.243,0,2,-1,0,2,0,1,7,Female,24,"€20,000 to €29,999",1,nonvoluntary,TRUE,0.25,"5e047bd31e2e58f00f1dc80c,0.25",0.5
